{"cameraMode":{"drawMode":0,"name":"Shaded","section":"Shading Mode"},"sceneLighting":true,"audioPlay":false,"sceneViewState":{"showFog":true,"showMaterialUpdate":true,"showSkybox":true,"showFlares":true,"showImageEffects":true,"showParticleSystems":true},"in2DMode":false,"pivot":{"x":-93.0910873413086,"y":0.17164386808872224,"z":-4.027713775634766},"rotation":{"x":0.06553807109594345,"y":-0.9157562851905823,"z":0.16693167388439179,"w":0.3595224618911743},"size":4.716228485107422,"orthographic":false}