{"cameraMode":{"drawMode":0,"name":"Shaded","section":"Shading Mode"},"sceneLighting":true,"audioPlay":false,"sceneViewState":{"showFog":true,"showMaterialUpdate":false,"showSkybox":true,"showFlares":true,"showImageEffects":true,"showParticleSystems":true},"in2DMode":false,"pivot":{"x":-47.34927749633789,"y":-17.905115127563478,"z":80.59701538085938},"rotation":{"x":0.2293526530265808,"y":-0.7700040936470032,"z":0.40115031599998476,"w":0.4401277005672455},"size":28.424219131469728,"orthographic":false}