{"cameraMode":{"drawMode":0,"name":"Shaded","section":"Shading Mode"},"sceneLighting":true,"audioPlay":false,"sceneViewState":{"showFog":true,"showMaterialUpdate":false,"showSkybox":true,"showFlares":true,"showImageEffects":true,"showParticleSystems":true},"in2DMode":false,"pivot":{"x":-100.4358139038086,"y":3.364164352416992,"z":-7.2106404304504398},"rotation":{"x":-0.09140551090240479,"y":-0.6538544297218323,"z":0.08006861060857773,"w":-0.7468782067298889},"size":4.7162275314331059,"orthographic":false}