{"cameraMode":{"drawMode":0,"name":"Shaded","section":"Shading Mode"},"sceneLighting":true,"audioPlay":false,"sceneViewState":{"showFog":true,"showMaterialUpdate":true,"showSkybox":true,"showFlares":true,"showImageEffects":true,"showParticleSystems":true},"in2DMode":false,"pivot":{"x":-91.79839324951172,"y":2.054658889770508,"z":-3.907923936843872},"rotation":{"x":0.32942670583724978,"y":-0.3812839090824127,"z":0.14758658409118653,"w":0.8510851860046387},"size":4.716228485107422,"orthographic":false}