{"cameraMode":{"drawMode":0,"name":"Shaded","section":"Shading Mode"},"sceneLighting":true,"audioPlay":false,"sceneViewState":{"showFog":true,"showMaterialUpdate":true,"showSkybox":true,"showFlares":true,"showImageEffects":true,"showParticleSystems":true},"in2DMode":false,"pivot":{"x":-98.09019470214844,"y":1.8880422115325928,"z":-4.712472438812256},"rotation":{"x":0.22057326138019563,"y":-0.4342946410179138,"z":0.11057566851377487,"w":0.8663344383239746},"size":4.716228485107422,"orthographic":false}