{"cameraMode":{"drawMode":0,"name":"Shaded","section":"Shading Mode"},"sceneLighting":true,"audioPlay":false,"sceneViewState":{"showFog":true,"showMaterialUpdate":true,"showSkybox":true,"showFlares":true,"showImageEffects":true,"showParticleSystems":true},"in2DMode":false,"pivot":{"x":-65.64364624023438,"y":1.1346668004989625,"z":-4.941740036010742},"rotation":{"x":0.18558289110660554,"y":-0.435813844203949,"z":0.09239845722913742,"w":0.8759344220161438},"size":4.716228485107422,"orthographic":false}