{"cameraMode":{"drawMode":0,"name":"Shaded","section":"Shading Mode"},"sceneLighting":true,"audioPlay":false,"sceneViewState":{"showFog":true,"showMaterialUpdate":false,"showSkybox":true,"showFlares":true,"showImageEffects":true,"showParticleSystems":true},"in2DMode":false,"pivot":{"x":-8.752333641052246,"y":2.1276695728302,"z":-17.882221221923829},"rotation":{"x":0.057933174073696139,"y":0.926751434803009,"z":-0.3349463641643524,"w":0.16032090783119203},"size":6.53678035736084,"orthographic":false}