{"cameraMode":{"drawMode":0,"name":"Shaded","section":"Shading Mode"},"sceneLighting":true,"audioPlay":false,"sceneViewState":{"showFog":true,"showMaterialUpdate":false,"showSkybox":true,"showFlares":true,"showImageEffects":true,"showParticleSystems":true},"in2DMode":false,"pivot":{"x":-7.849999904632568,"y":1.1500003337860108,"z":-17.933000564575197},"rotation":{"x":0.046301230788230899,"y":-0.7286416292190552,"z":0.049479201436042789,"w":0.6816504597663879},"size":4.7162299156188969,"orthographic":false}