{"cameraMode":{"drawMode":0,"name":"Shaded","section":"Shading Mode"},"sceneLighting":false,"audioPlay":false,"sceneViewState":{"showFog":true,"showMaterialUpdate":false,"showSkybox":true,"showFlares":true,"showImageEffects":true,"showParticleSystems":true},"in2DMode":false,"pivot":{"x":-92.31303405761719,"y":0.2560768127441406,"z":1.6863188743591309},"rotation":{"x":0.015297231264412403,"y":0.984683096408844,"z":-0.11904151737689972,"w":0.12653328478336335},"size":4.7162275314331059,"orthographic":false}