{"cameraMode":{"drawMode":0,"name":"Shaded","section":"Shading Mode"},"sceneLighting":true,"audioPlay":false,"sceneViewState":{"showFog":true,"showMaterialUpdate":true,"showSkybox":true,"showFlares":true,"showImageEffects":true,"showParticleSystems":true},"in2DMode":false,"pivot":{"x":-65.92131042480469,"y":2.3335447311401369,"z":-6.565118312835693},"rotation":{"x":-0.17168062925338746,"y":-0.4574277698993683,"z":0.09049917012453079,"w":-0.8678290247917175},"size":4.716228485107422,"orthographic":false}