{"cameraMode":{"drawMode":0,"name":"Shaded","section":"Shading Mode"},"sceneLighting":false,"audioPlay":false,"sceneViewState":{"showFog":true,"showMaterialUpdate":false,"showSkybox":true,"showFlares":true,"showImageEffects":true,"showParticleSystems":true},"in2DMode":false,"pivot":{"x":-36.0538330078125,"y":6.918531894683838,"z":-87.73330688476563},"rotation":{"x":-0.008991134352982045,"y":0.9892621040344238,"z":-0.13164472579956056,"w":-0.06621438264846802},"size":22.0,"orthographic":false}