{"cameraMode":{"drawMode":0,"name":"Shaded","section":"Shading Mode"},"sceneLighting":true,"audioPlay":false,"sceneViewState":{"showFog":true,"showMaterialUpdate":true,"showSkybox":true,"showFlares":true,"showImageEffects":true,"showParticleSystems":true},"in2DMode":false,"pivot":{"x":-40.55266571044922,"y":11.929908752441407,"z":-12.390951156616211},"rotation":{"x":-0.026516787707805635,"y":-0.9433375000953674,"z":0.3218707740306854,"w":-0.07809576392173767},"size":4.716228485107422,"orthographic":false}