{"cameraMode":{"drawMode":0,"name":"Shaded","section":"Shading Mode"},"sceneLighting":true,"audioPlay":false,"sceneViewState":{"showFog":true,"showMaterialUpdate":true,"showSkybox":true,"showFlares":true,"showImageEffects":true,"showParticleSystems":true},"in2DMode":false,"pivot":{"x":-24.34263801574707,"y":21.88286590576172,"z":-2.3704559803009035},"rotation":{"x":0.31712237000465395,"y":-0.025912819430232049,"z":0.008644536137580872,"w":0.9480188488960266},"size":4.716228485107422,"orthographic":false}