{"cameraMode":{"drawMode":0,"name":"Shaded","section":"Shading Mode"},"sceneLighting":false,"audioPlay":false,"sceneViewState":{"showFog":true,"showMaterialUpdate":false,"showSkybox":true,"showFlares":true,"showImageEffects":true,"showParticleSystems":true},"in2DMode":false,"pivot":{"x":-16.33570098876953,"y":7.462798595428467,"z":-0.5138435363769531},"rotation":{"x":0.1701793670654297,"y":0.2268368899822235,"z":-0.04058835282921791,"w":0.9583790898323059},"size":7.591226100921631,"orthographic":false}