{"cameraMode":{"drawMode":0,"name":"Shaded","section":"Shading Mode"},"sceneLighting":true,"audioPlay":false,"sceneViewState":{"showFog":true,"showMaterialUpdate":true,"showSkybox":true,"showFlares":true,"showImageEffects":true,"showParticleSystems":true},"in2DMode":false,"pivot":{"x":-27.35256576538086,"y":12.274626731872559,"z":-12.29356575012207},"rotation":{"x":-0.11809900403022766,"y":0.7877828478813171,"z":-0.15952710807323457,"w":-0.5831133723258972},"size":7.802370548248291,"orthographic":false}