{"cameraMode":{"drawMode":0,"name":"Shaded","section":"Shading Mode"},"sceneLighting":true,"audioPlay":false,"sceneViewState":{"showFog":true,"showMaterialUpdate":false,"showSkybox":true,"showFlares":true,"showImageEffects":true,"showParticleSystems":true},"in2DMode":false,"pivot":{"x":-94.89949798583985,"y":7.074655532836914,"z":-13.038869857788086},"rotation":{"x":0.2826880216598511,"y":-0.0951165035367012,"z":0.03216017410159111,"w":0.9545345902442932},"size":4.25581693649292,"orthographic":false}