{"cameraMode":{"drawMode":0,"name":"Shaded","section":"Shading Mode"},"sceneLighting":true,"audioPlay":false,"sceneViewState":{"showFog":true,"showMaterialUpdate":true,"showSkybox":true,"showFlares":true,"showImageEffects":true,"showParticleSystems":true},"in2DMode":false,"pivot":{"x":-66.51722717285156,"y":1.3819880485534669,"z":-5.391231060028076},"rotation":{"x":-0.23332305252552033,"y":0.6860202550888062,"z":-0.24910375475883485,"w":-0.6425615549087524},"size":4.716228485107422,"orthographic":false}