{"cameraMode":{"drawMode":0,"name":"Shaded","section":"Shading Mode"},"sceneLighting":true,"audioPlay":false,"sceneViewState":{"showFog":true,"showMaterialUpdate":false,"showSkybox":true,"showFlares":true,"showImageEffects":true,"showParticleSystems":true},"in2DMode":false,"pivot":{"x":-249.7135009765625,"y":-321.8077392578125,"z":155.05882263183595},"rotation":{"x":-0.3498777747154236,"y":0.4282208979129791,"z":-0.18496765196323396,"w":-0.8126537203788757},"size":553.5240478515625,"orthographic":false}