{"cameraMode":{"drawMode":0,"name":"Shaded","section":"Shading Mode"},"sceneLighting":true,"audioPlay":false,"sceneViewState":{"showFog":true,"showMaterialUpdate":false,"showSkybox":true,"showFlares":true,"showImageEffects":true,"showParticleSystems":true},"in2DMode":false,"pivot":{"x":-12.846573829650879,"y":3.1522183418273927,"z":-214.6166229248047},"rotation":{"x":0.0072287870571017269,"y":0.9733020663261414,"z":-0.030975665897130967,"w":0.22771404683589936},"size":31.342182159423829,"orthographic":false}