{"cameraMode":{"drawMode":0,"name":"Shaded","section":"Shading Mode"},"sceneLighting":true,"audioPlay":false,"sceneViewState":{"showFog":true,"showMaterialUpdate":true,"showSkybox":true,"showFlares":true,"showImageEffects":true,"showParticleSystems":true},"in2DMode":false,"pivot":{"x":-51.88716125488281,"y":9.066012382507325,"z":39.0693473815918},"rotation":{"x":-0.0255009513348341,"y":-0.969011127948761,"z":-0.11208025366067887,"w":0.21902471780776978},"size":4.716228485107422,"orthographic":false}