{"cameraMode":{"drawMode":0,"name":"Shaded","section":"Shading Mode"},"sceneLighting":true,"audioPlay":false,"sceneViewState":{"showFog":true,"showMaterialUpdate":false,"showSkybox":true,"showFlares":true,"showImageEffects":true,"showParticleSystems":true},"in2DMode":false,"pivot":{"x":-49.466827392578128,"y":5.10577392578125,"z":-27.31905746459961},"rotation":{"x":-0.10972192883491516,"y":-0.8165335655212402,"z":0.16542482376098634,"w":-0.5423080325126648},"size":7.000357151031494,"orthographic":false}