{"cameraMode":{"drawMode":0,"name":"Shaded","section":"Shading Mode"},"sceneLighting":false,"audioPlay":false,"sceneViewState":{"showFog":true,"showMaterialUpdate":false,"showSkybox":true,"showFlares":true,"showImageEffects":true,"showParticleSystems":true},"in2DMode":false,"pivot":{"x":-99.19265747070313,"y":0.49299272894859316,"z":-5.951179504394531},"rotation":{"x":-0.11287900805473328,"y":0.8764263987541199,"z":-0.2499430775642395,"w":-0.39581042528152468},"size":4.7162275314331059,"orthographic":false}