{"cameraMode":{"drawMode":0,"name":"Shaded","section":"Shading Mode"},"sceneLighting":true,"audioPlay":false,"sceneViewState":{"showFog":true,"showMaterialUpdate":false,"showSkybox":true,"showFlares":true,"showImageEffects":true,"showParticleSystems":true},"in2DMode":false,"pivot":{"x":685.7963256835938,"y":396.07879638671877,"z":-182.6643829345703},"rotation":{"x":-0.21740984916687013,"y":0.11887422949075699,"z":-0.026666047051548959,"w":-0.9685363173484802},"size":268.6005554199219,"orthographic":false}