{"cameraMode":{"drawMode":0,"name":"Shaded","section":"Shading Mode"},"sceneLighting":false,"audioPlay":false,"sceneViewState":{"showFog":true,"showMaterialUpdate":false,"showSkybox":true,"showFlares":true,"showImageEffects":true,"showParticleSystems":true},"in2DMode":false,"pivot":{"x":3.1516828536987306,"y":27.07032012939453,"z":-98.16389465332031},"rotation":{"x":-0.21316559612751008,"y":0.22579273581504823,"z":-0.05049363151192665,"w":-0.949446439743042},"size":3.7770230770111086,"orthographic":false}