{"cameraMode":{"drawMode":0,"name":"Shaded","section":"Shading Mode"},"sceneLighting":true,"audioPlay":false,"sceneViewState":{"showFog":true,"showMaterialUpdate":true,"showSkybox":true,"showFlares":true,"showImageEffects":true,"showParticleSystems":true},"in2DMode":false,"pivot":{"x":-0.7205120921134949,"y":0.3784945011138916,"z":15.759369850158692},"rotation":{"x":0.010187653824687004,"y":0.02309969812631607,"z":0.00024233774456661195,"w":-0.999748706817627},"size":20.234989166259767,"orthographic":false}