{"cameraMode":{"drawMode":0,"name":"Shaded","section":"Shading Mode"},"sceneLighting":true,"audioPlay":false,"sceneViewState":{"showFog":true,"showMaterialUpdate":false,"showSkybox":true,"showFlares":true,"showImageEffects":true,"showParticleSystems":true},"in2DMode":false,"pivot":{"x":-120.05146026611328,"y":39.82597351074219,"z":5.348676681518555},"rotation":{"x":-0.17586931586265565,"y":-0.7469860911369324,"z":0.21791797876358033,"w":-0.6030950546264648},"size":4.7162275314331059,"orthographic":false}