{"cameraMode":{"drawMode":0,"name":"Shaded","section":"Shading Mode"},"sceneLighting":true,"audioPlay":false,"sceneViewState":{"showFog":true,"showMaterialUpdate":true,"showSkybox":true,"showFlares":true,"showImageEffects":true,"showParticleSystems":true},"in2DMode":false,"pivot":{"x":0.18084551393985749,"y":0.28624507784843447,"z":0.6315587759017944},"rotation":{"x":-0.03951643407344818,"y":0.9544280767440796,"z":-0.25677192211151125,"w":-0.1468835175037384},"size":0.6719750165939331,"orthographic":false}