{"cameraMode":{"drawMode":0,"name":"Shaded","section":"Shading Mode"},"sceneLighting":false,"audioPlay":false,"sceneViewState":{"showFog":true,"showMaterialUpdate":false,"showSkybox":true,"showFlares":true,"showImageEffects":true,"showParticleSystems":true},"in2DMode":false,"pivot":{"x":54.84471130371094,"y":-1.5740971565246583,"z":-4.8082475662231449},"rotation":{"x":0.07769079506397248,"y":0.6320408582687378,"z":-0.06400958448648453,"w":0.7686915993690491},"size":22.0,"orthographic":false}