{"cameraMode":{"drawMode":0,"name":"Shaded","section":"Shading Mode"},"sceneLighting":true,"audioPlay":false,"sceneViewState":{"showFog":true,"showMaterialUpdate":true,"showSkybox":true,"showFlares":true,"showImageEffects":true,"showParticleSystems":true},"in2DMode":false,"pivot":{"x":-62.27519226074219,"y":0.19798731803894044,"z":-3.782048225402832},"rotation":{"x":-0.2569896876811981,"y":0.3814586102962494,"z":-0.11123430728912354,"w":-0.8810112476348877},"size":4.716228485107422,"orthographic":false}