{"cameraMode":{"drawMode":0,"name":"Shaded","section":"Shading Mode"},"sceneLighting":true,"audioPlay":false,"sceneViewState":{"showFog":true,"showMaterialUpdate":false,"showSkybox":true,"showFlares":true,"showImageEffects":true,"showParticleSystems":true},"in2DMode":false,"pivot":{"x":-97.8051528930664,"y":1.8782026767730713,"z":-6.550403594970703},"rotation":{"x":-0.07905754446983338,"y":0.9111188650131226,"z":-0.20739230513572694,"w":-0.3473246693611145},"size":4.7162275314331059,"orthographic":false}