{"cameraMode":{"drawMode":0,"name":"Shaded","section":"Shading Mode"},"sceneLighting":true,"audioPlay":false,"sceneViewState":{"showFog":true,"showMaterialUpdate":true,"showSkybox":true,"showFlares":true,"showImageEffects":true,"showParticleSystems":true},"in2DMode":false,"pivot":{"x":-57.72547912597656,"y":10.641054153442383,"z":-4.153702735900879},"rotation":{"x":0.08875402808189392,"y":0.8413922786712647,"z":-0.14555634558200837,"w":0.5129389762878418},"size":3.3055832386016847,"orthographic":false}