{"cameraMode":{"drawMode":0,"name":"Shaded","section":"Shading Mode"},"sceneLighting":true,"audioPlay":false,"sceneViewState":{"showFog":true,"showMaterialUpdate":false,"showSkybox":true,"showFlares":true,"showImageEffects":true,"showParticleSystems":true},"in2DMode":false,"pivot":{"x":-100.29285430908203,"y":-1.357159972190857,"z":4.0244550704956059},"rotation":{"x":0.1704643964767456,"y":-0.014915314503014088,"z":0.008232597261667252,"w":0.9858535528182983},"size":22.0,"orthographic":false}