{"cameraMode":{"drawMode":0,"name":"Shaded","section":"Shading Mode"},"sceneLighting":false,"audioPlay":false,"sceneViewState":{"showFog":true,"showMaterialUpdate":false,"showSkybox":true,"showFlares":true,"showImageEffects":true,"showParticleSystems":true},"in2DMode":false,"pivot":{"x":1.634220838546753,"y":2.5828969478607179,"z":-64.0279312133789},"rotation":{"x":-0.3072265684604645,"y":-0.023342935368418695,"z":0.00766797037795186,"w":-0.9515451192855835},"size":22.0,"orthographic":false}