{"cameraMode":{"drawMode":0,"name":"Shaded","section":"Shading Mode"},"sceneLighting":true,"audioPlay":false,"sceneViewState":{"showFog":true,"showMaterialUpdate":true,"showSkybox":true,"showFlares":true,"showImageEffects":true,"showParticleSystems":true},"in2DMode":false,"pivot":{"x":-102.63861083984375,"y":1.1499987840652466,"z":136.85951232910157},"rotation":{"x":-0.23894527554512025,"y":-0.12397658079862595,"z":0.03077918104827404,"w":-0.9626114368438721},"size":4.716236591339111,"orthographic":false}