{"cameraMode":{"drawMode":0,"name":"Shaded","section":"Shading Mode"},"sceneLighting":true,"audioPlay":false,"sceneViewState":{"showFog":true,"showMaterialUpdate":false,"showSkybox":true,"showFlares":true,"showImageEffects":true,"showParticleSystems":true},"in2DMode":false,"pivot":{"x":-7.849794387817383,"y":5.522452354431152,"z":-16.808866500854493},"rotation":{"x":-0.06364233791828156,"y":0.9364497661590576,"z":-0.24141524732112885,"w":-0.2467808574438095},"size":4.7162299156188969,"orthographic":false}