{"cameraMode":{"drawMode":0,"name":"Shaded","section":"Shading Mode"},"sceneLighting":false,"audioPlay":false,"sceneViewState":{"showFog":true,"showMaterialUpdate":false,"showSkybox":true,"showFlares":true,"showImageEffects":true,"showParticleSystems":true},"in2DMode":false,"pivot":{"x":-29.371253967285158,"y":2.3845975399017336,"z":-23.148263931274415},"rotation":{"x":-0.05227529630064964,"y":0.8576346039772034,"z":-0.08777342736721039,"w":-0.5045812129974365},"size":3.2459330558776857,"orthographic":false}