{"cameraMode":{"drawMode":0,"name":"Shaded","section":"Shading Mode"},"sceneLighting":true,"audioPlay":false,"sceneViewState":{"showFog":true,"showMaterialUpdate":true,"showSkybox":true,"showFlares":true,"showImageEffects":true,"showParticleSystems":true},"in2DMode":false,"pivot":{"x":-63.747840881347659,"y":6.553212642669678,"z":-3.034696102142334},"rotation":{"x":-0.16236893832683564,"y":0.8376076221466065,"z":-0.3653554916381836,"w":-0.3722447454929352},"size":4.716228485107422,"orthographic":false}