{"cameraMode":{"drawMode":0,"name":"Shaded","section":"Shading Mode"},"sceneLighting":false,"audioPlay":false,"sceneViewState":{"showFog":true,"showMaterialUpdate":false,"showSkybox":true,"showFlares":true,"showImageEffects":true,"showParticleSystems":true},"in2DMode":false,"pivot":{"x":-20.60610580444336,"y":8.504157066345215,"z":-0.16077232360839845},"rotation":{"x":-0.27947017550468447,"y":0.4206598401069641,"z":-0.13785117864608766,"w":-0.8523371815681458},"size":22.0,"orthographic":false}