{"cameraMode":{"drawMode":0,"name":"Shaded","section":"Shading Mode"},"sceneLighting":true,"audioPlay":false,"sceneViewState":{"showFog":true,"showMaterialUpdate":true,"showSkybox":true,"showFlares":true,"showImageEffects":true,"showParticleSystems":true},"in2DMode":false,"pivot":{"x":-80.9581298828125,"y":12.620095252990723,"z":-6.752445220947266},"rotation":{"x":-0.1472778022289276,"y":-0.7058514952659607,"z":0.15414109826087953,"w":-0.6757328510284424},"size":4.716228485107422,"orthographic":false}