{"cameraMode":{"drawMode":0,"name":"Shaded","section":"Shading Mode"},"sceneLighting":true,"audioPlay":false,"sceneViewState":{"showFog":true,"showMaterialUpdate":false,"showSkybox":true,"showFlares":true,"showImageEffects":true,"showParticleSystems":true},"in2DMode":false,"pivot":{"x":-104.39509582519531,"y":-4.470349311828613,"z":4.808172225952148},"rotation":{"x":-0.18036405742168427,"y":0.2799892723560333,"z":-0.05921536311507225,"w":-0.9417001008987427},"size":22.0,"orthographic":false}