{"cameraMode":{"drawMode":0,"name":"Shaded","section":"Shading Mode"},"sceneLighting":true,"audioPlay":false,"sceneViewState":{"showFog":true,"showMaterialUpdate":true,"showSkybox":true,"showFlares":true,"showImageEffects":true,"showParticleSystems":true},"in2DMode":false,"pivot":{"x":-26.068111419677736,"y":-1.3384714126586915,"z":-10.770008087158204},"rotation":{"x":0.010641047731041909,"y":0.9515103101730347,"z":-0.3056446313858032,"w":0.033126819878816608},"size":8.538963317871094,"orthographic":false}