{"cameraMode":{"drawMode":0,"name":"Shaded","section":"Shading Mode"},"sceneLighting":true,"audioPlay":false,"sceneViewState":{"showFog":true,"showMaterialUpdate":true,"showSkybox":true,"showFlares":true,"showImageEffects":true,"showParticleSystems":true},"in2DMode":false,"pivot":{"x":-0.19953754544258119,"y":-1.2117966413497925,"z":7.450304985046387},"rotation":{"x":-0.08415292203426361,"y":-0.03825363144278526,"z":0.003239865880459547,"w":-0.9957756996154785},"size":13.326606750488282,"orthographic":false}