{"cameraMode":{"drawMode":0,"name":"Shaded","section":"Shading Mode"},"sceneLighting":true,"audioPlay":false,"sceneViewState":{"showFog":true,"showMaterialUpdate":false,"showSkybox":true,"showFlares":true,"showImageEffects":true,"showParticleSystems":true},"in2DMode":false,"pivot":{"x":40.395355224609378,"y":64.6885757446289,"z":-10.774492263793946},"rotation":{"x":0.24728550016880036,"y":-0.3626716732978821,"z":0.10498437285423279,"w":0.8929809927940369},"size":7.31417179107666,"orthographic":false}