{"cameraMode":{"drawMode":0,"name":"Shaded","section":"Shading Mode"},"sceneLighting":false,"audioPlay":false,"sceneViewState":{"showFog":true,"showMaterialUpdate":false,"showSkybox":true,"showFlares":true,"showImageEffects":true,"showParticleSystems":true},"in2DMode":false,"pivot":{"x":-7.491244792938232,"y":1.231353759765625,"z":-72.56852722167969},"rotation":{"x":0.1143476665019989,"y":0.6703009605407715,"z":-0.10563787072896958,"w":0.7255905270576477},"size":3.7770230770111086,"orthographic":false}