{"cameraMode":{"drawMode":0,"name":"Shaded","section":"Shading Mode"},"sceneLighting":true,"audioPlay":false,"sceneViewState":{"showFog":true,"showMaterialUpdate":true,"showSkybox":true,"showFlares":true,"showImageEffects":true,"showParticleSystems":true},"in2DMode":false,"pivot":{"x":-0.004493594169616699,"y":-0.011041581630706787,"z":-0.02622663974761963},"rotation":{"x":-0.2768583297729492,"y":-0.6226902008056641,"z":0.25077110528945925,"w":-0.6876166462898254},"size":8.984193801879883,"orthographic":false}