{"cameraMode":{"drawMode":0,"name":"Shaded","section":"Shading Mode"},"sceneLighting":true,"audioPlay":false,"sceneViewState":{"showFog":true,"showMaterialUpdate":true,"showSkybox":true,"showFlares":true,"showImageEffects":true,"showParticleSystems":true},"in2DMode":false,"pivot":{"x":-26.378013610839845,"y":7.139997482299805,"z":-11.52060604095459},"rotation":{"x":0.3227277398109436,"y":0.03264186903834343,"z":-0.011139006353914738,"w":0.9458742141723633},"size":4.716228485107422,"orthographic":false}