{"cameraMode":{"drawMode":0,"name":"Shaded","section":"Shading Mode"},"sceneLighting":false,"audioPlay":false,"sceneViewState":{"showFog":true,"showMaterialUpdate":false,"showSkybox":true,"showFlares":true,"showImageEffects":true,"showParticleSystems":true},"in2DMode":false,"pivot":{"x":0.6803395748138428,"y":0.16527779400348664,"z":-1.8454838991165162},"rotation":{"x":0.011514494195580483,"y":0.9710402488708496,"z":-0.2348719984292984,"w":0.04847448691725731},"size":6.740889549255371,"orthographic":false}